id_listener,open_date,termination_date
814,2015-04-01 03:33:40,2019-02-03 05:14:48
217,2018-06-19 15:12:51,2019-03-21 08:36:16
1171,2014-12-16 08:59:09,2018-12-19 17:05:09
480,2016-01-22 03:12:06,2019-05-30 11:01:26
252,2017-05-26 21:36:15,2019-06-30 02:48:52
111,2017-03-30 11:48:50,2019-04-12 09:13:00
127,2015-02-20 12:41:06,2019-05-06 15:08:23
578,2016-08-04 17:33:25,2019-09-07 22:38:38
1327,2016-12-10 19:56:50,2018-11-04 09:14:24
528,2017-11-27 06:46:54,2019-09-01 02:01:43
932,2017-04-08 03:08:45,2018-12-24 07:32:50
1091,2017-09-17 09:36:50,2018-11-22 14:23:53
41,2016-01-07 20:28:28,2019-02-20 13:14:22
1504,2018-05-11 03:23:50,2019-05-13 16:15:05
1329,2016-02-12 08:33:37,2018-10-22 21:53:39
1276,2017-02-12 02:30:10,2019-05-21 16:49:45
1096,2016-09-10 11:53:26,2019-08-22 09:16:20
521,2018-01-07 18:45:18,2019-03-19 14:47:28
1005,2017-06-10 07:34:13,2019-05-19 04:23:01
1093,2018-08-23 00:37:15,2019-08-29 15:33:06
254,2015-01-09 10:38:03,2019-06-18 03:25:23
1078,2016-12-13 10:35:13,2019-05-30 01:30:27
1541,2018-06-02 22:16:25,2019-05-04 13:06:25
1350,2016-05-27 03:25:59,2019-05-26 17:40:30
1149,2017-04-27 11:05:00,2019-02-26 19:27:14
1958,2018-06-26 13:18:29,2019-08-31 14:05:49
840,2018-04-04 07:25:43,2019-02-19 18:42:24
798,2016-08-10 16:27:15,2018-10-09 21:41:19
13,2015-06-10 03:10:00,2019-04-27 01:54:15
371,2017-11-30 05:16:53,2019-08-04 06:32:00
1014,2015-12-25 06:08:59,2019-04-28 19:00:24
1077,2015-09-25 08:00:54,2019-05-03 05:26:15
245,2017-06-21 05:49:39,2018-11-28 22:49:31
972,2016-02-02 10:16:19,2018-10-03 07:04:54
589,2014-10-24 06:43:49,2019-04-12 16:15:20
1317,2018-03-13 06:39:11,2019-09-18 12:48:14
182,2015-04-20 18:15:48,2019-07-07 05:15:41
833,2015-08-25 08:41:08,2019-08-10 19:38:10
1870,2017-09-18 08:01:36,2018-11-24 06:22:50
373,2015-06-04 05:52:25,2019-06-16 02:08:25
1130,2015-09-18 21:11:47,2019-01-26 07:53:55
1625,2017-06-06 22:56:49,2019-07-17 01:10:41
1879,2015-11-21 02:15:05,2019-05-26 13:13:31
1418,2015-10-04 15:01:39,2018-12-23 17:52:23
1500,2016-05-23 13:57:07,2018-12-15 16:22:21
1540,2015-01-17 10:52:21,2019-08-08 22:39:49
709,2016-06-30 08:52:36,2019-08-19 22:51:55
620,2017-02-28 05:32:27,2019-01-08 09:42:30
561,2016-11-16 20:14:18,2019-03-08 20:26:28
1871,2014-11-19 04:49:14,2019-09-30 04:14:54
121,2018-05-29 14:55:50,2019-06-01 12:41:37
865,2018-03-14 21:26:25,2019-08-06 04:15:59
1387,2018-08-30 01:24:57,2018-12-20 23:43:51
1890,2015-10-27 06:08:45,2019-03-23 04:25:22
1000,2016-10-06 10:32:28,2018-10-12 16:31:40
1988,2017-09-30 13:49:27,2018-11-14 09:23:43
1899,2017-10-26 05:00:04,2018-11-14 15:07:32
1049,2015-04-16 05:32:00,2018-12-27 11:45:27
1452,2016-06-05 11:02:45,2019-05-17 02:25:06
1019,2016-08-12 17:45:45,2019-05-19 12:38:44
626,2017-02-28 19:36:10,2019-01-03 07:58:29
1828,2017-06-18 22:05:38,2019-09-21 02:37:00
5,2018-02-18 15:13:59,2018-10-14 18:21:10
330,2014-11-20 11:28:05,2019-05-01 02:16:12
694,2015-02-20 14:56:38,2019-07-19 21:59:27
709,2017-08-25 11:10:44,2019-03-02 15:12:01
1145,2017-10-27 16:48:04,2019-03-26 14:47:33
1598,2018-01-24 22:32:27,2018-12-18 02:08:28
1500,2015-12-10 01:28:34,2019-04-27 06:27:29
120,2016-03-23 07:49:10,2018-10-26 15:01:21
945,2016-01-11 10:56:23,2019-06-06 16:05:42
1651,2015-06-28 18:56:24,2019-08-24 02:14:57
1046,2015-10-05 19:12:52,2019-01-04 17:01:01
1370,2016-12-13 16:43:06,2018-11-25 20:52:42
1110,2016-10-16 01:07:25,2018-12-01 12:33:39
347,2017-09-20 04:27:15,2018-11-16 13:02:21
390,2017-09-17 06:34:51,2018-11-14 11:16:52
1545,2015-10-24 23:46:18,2019-07-12 07:39:16
236,2018-05-16 20:48:03,2019-08-06 04:18:30
788,2018-07-03 02:17:17,2018-12-12 12:52:21
1769,2017-06-01 11:23:17,2019-02-02 06:14:29
1221,2018-05-23 09:19:31,2019-06-08 23:54:26
695,2016-01-28 01:39:05,2019-07-02 11:33:03
300,2016-12-05 11:27:35,2019-07-09 04:41:15
564,2017-12-25 05:02:27,2019-01-09 19:52:03
411,2015-06-28 23:12:06,2019-08-29 19:24:40
1806,2015-08-25 04:55:11,2019-06-19 14:40:42
1987,2015-12-14 11:42:38,2019-09-02 04:06:02
243,2017-12-21 08:25:08,2019-06-11 20:14:16
578,2016-12-19 05:13:43,2019-02-16 01:19:33
1142,2015-12-22 03:09:51,2019-05-26 11:48:32
1139,2016-07-01 19:35:39,2019-07-28 15:19:44
484,2018-06-10 16:16:05,2019-05-04 22:08:03
1299,2014-11-24 21:20:15,2018-11-23 07:56:33
879,2018-01-28 21:34:49,2019-01-22 21:07:47
639,2015-02-01 10:00:52,2019-05-23 09:57:03
1010,2017-03-25 20:15:35,2018-10-07 15:45:11
1313,2018-04-14 19:37:10,2019-06-04 17:19:23
1407,2018-02-20 09:17:58,2019-03-29 20:52:04
464,2015-01-06 13:21:21,2019-02-05 18:28:06
1452,2015-07-01 18:25:42,2019-05-18 13:29:19
1489,2015-09-30 10:57:39,2018-12-09 02:09:11
1305,2015-04-20 19:02:04,2019-04-01 07:51:50
635,2015-12-31 05:43:27,2019-08-05 10:00:35
709,2014-10-24 12:34:24,2019-06-25 23:13:20
650,2017-03-05 02:04:55,2019-04-22 16:28:52
1598,2018-04-07 11:05:34,2019-03-03 10:06:18
1722,2018-01-13 14:36:55,2019-05-29 14:01:07
1357,2016-09-18 21:35:54,2019-01-17 00:05:26
307,2016-02-18 07:41:57,2019-03-05 17:41:35
741,2017-03-16 04:35:43,2019-03-02 23:50:38
570,2016-06-29 18:54:23,2018-12-13 08:55:42
1152,2017-02-05 22:42:16,2019-06-09 17:36:56
273,2014-12-20 18:14:06,2018-10-21 14:10:08
1739,2016-01-02 14:32:42,2018-12-17 07:22:03
1054,2017-10-05 12:53:34,2019-02-09 19:51:31
104,2015-08-17 18:13:07,2018-10-29 02:17:42
1166,2017-02-18 03:22:59,2018-12-06 23:50:55
761,2015-02-24 19:16:17,2018-12-13 12:03:55
307,2015-06-14 02:54:27,2019-02-07 23:46:40
1750,2018-01-28 03:20:19,2019-09-02 02:14:23
1127,2015-05-15 02:10:15,2019-03-11 03:01:14
610,2016-04-13 10:24:36,2019-08-11 04:56:57
671,2018-04-08 09:23:55,2019-03-17 21:30:19
705,2014-12-03 11:44:43,2018-11-15 17:11:50
581,2017-06-24 10:20:18,2019-01-21 07:13:15
1261,2015-04-11 02:07:01,2019-02-17 16:55:44
1179,2016-09-11 04:49:12,2019-04-05 13:27:29
926,2016-11-21 23:25:49,2019-02-09 19:13:29
1727,2015-09-06 15:07:58,2018-12-23 07:21:19
1999,2018-08-03 18:44:16,2019-04-07 00:32:05
650,2017-02-22 00:57:14,2019-07-05 11:45:16
1789,2016-01-05 14:58:29,2018-10-19 09:34:56
1907,2015-12-12 23:21:31,2019-09-13 16:47:51
1134,2015-08-19 00:01:22,2018-11-20 06:45:30
1493,2014-11-14 20:24:16,2019-09-27 14:33:56
877,2018-08-26 00:04:14,2019-02-07 09:07:02
18,2017-07-21 21:33:35,2019-04-04 01:12:31
728,2014-12-26 16:20:35,2019-01-17 02:21:02
133,2016-10-01 20:22:08,2018-10-19 14:42:41
159,2016-02-26 02:41:05,2018-11-11 06:54:29
1497,2018-02-23 03:21:50,2019-07-15 06:44:31
721,2018-01-20 03:22:11,2019-02-24 22:24:20
378,2017-05-14 06:25:02,2018-10-21 20:34:04
1387,2017-10-25 14:22:35,2019-07-16 10:54:43
64,2014-10-03 16:05:56,2019-04-27 19:43:22
319,2017-12-17 11:01:38,2019-06-05 22:51:45
218,2015-05-01 12:36:27,2019-09-03 02:19:58
1548,2016-01-09 04:54:36,2019-05-01 20:31:26
464,2018-07-18 10:02:07,2018-10-27 19:45:01
608,2018-03-15 08:07:24,2019-09-27 14:40:40
873,2017-11-16 06:26:57,2019-09-03 10:45:41
532,2018-09-25 06:14:02,2019-02-26 14:09:34
1826,2016-07-17 04:57:53,2019-02-06 15:00:07
1214,2015-02-05 19:29:53,2019-07-26 06:13:09
1035,2014-12-09 11:22:19,2019-04-11 23:47:21
203,2016-09-17 00:55:44,2019-08-07 21:29:14
213,2016-07-15 11:40:55,2019-03-19 02:39:50
187,2015-05-05 00:43:10,2019-05-10 01:41:37
1084,2018-06-20 20:34:51,2019-07-23 04:15:46
1715,2015-05-24 11:34:35,2019-06-05 20:46:25
967,2017-04-09 10:15:50,2019-04-30 22:14:42
1157,2016-12-28 10:04:54,2019-07-12 01:08:37
1634,2015-12-07 10:54:03,2018-10-03 21:42:05
316,2016-12-25 12:56:45,2019-09-15 07:22:31
1275,2016-01-15 05:51:29,2019-08-13 20:45:11
1096,2014-12-21 10:42:44,2018-12-16 09:20:10
1123,2017-04-12 13:56:01,2019-05-31 18:07:54
1278,2016-02-18 00:55:00,2018-12-07 03:08:20
1611,2017-08-06 23:31:46,2019-01-12 13:11:26
322,2017-07-17 08:03:32,2019-05-09 07:37:19
227,2018-02-10 09:46:50,2019-04-01 15:21:24
336,2017-08-05 17:30:22,2019-05-12 10:38:30
1579,2018-01-25 16:35:41,2019-09-21 18:05:33
745,2015-09-25 00:39:27,2018-12-21 21:35:19
332,2017-02-04 10:15:08,2019-02-27 17:58:49
942,2015-01-30 10:18:44,2019-03-31 21:39:35
446,2017-08-16 10:24:21,2019-08-04 10:32:56
1099,2017-03-02 13:09:05,2019-06-08 14:17:16
823,2016-03-11 09:52:15,2018-10-07 22:55:22
1073,2017-08-26 22:13:31,2019-07-14 13:41:20
92,2016-04-12 19:33:09,2019-05-24 03:54:35
983,2018-09-29 22:26:51,2018-10-17 14:37:32
47,2015-08-26 07:45:45,2019-08-27 00:46:55
1031,2016-05-23 23:54:33,2018-10-07 02:23:51
1326,2015-12-05 04:57:05,2018-12-01 00:56:07
1869,2014-12-07 16:32:59,2018-11-01 04:13:17
590,2015-02-13 16:10:40,2019-04-24 14:30:27
344,2018-06-21 18:44:07,2019-02-15 02:47:56
1839,2015-09-09 07:11:12,2019-03-13 14:52:55
636,2017-01-10 10:57:17,2019-03-24 23:49:50
1930,2014-12-10 11:27:11,2019-01-22 20:25:25
662,2018-07-21 03:22:18,2019-03-25 00:58:57
1445,2018-01-18 14:38:46,2019-05-06 17:41:33
880,2014-10-13 15:27:31,2019-09-11 14:03:27
1565,2015-07-01 15:52:44,2019-07-05 23:20:34
803,2015-07-21 03:29:53,2019-08-27 06:34:03
1584,2016-11-20 20:32:37,2019-03-31 20:49:14
150,2017-10-18 00:00:41,2019-06-07 10:58:07
705,2017-05-14 02:36:32,2019-07-03 21:55:25
1366,2015-04-03 05:35:13,2019-02-06 11:07:54
1531,2016-11-24 18:08:17,2019-05-03 21:50:09
1793,2016-08-30 06:47:20,2019-08-10 21:41:59
453,2018-04-28 16:56:03,2019-05-23 10:18:53
106,2018-01-08 08:41:18,2019-08-15 23:03:25
1304,2018-09-30 07:56:39,2019-01-20 06:19:10
336,2015-12-02 08:36:10,2019-06-11 07:07:58
1208,2017-03-31 08:17:50,2019-07-28 20:58:25
15,2015-09-13 05:12:21,2018-10-31 04:53:54
915,2017-12-04 00:58:41,2018-12-05 07:29:26
1245,2016-01-15 12:50:27,2019-08-03 19:37:34
1362,2017-02-21 06:15:45,2019-08-25 00:49:28
1807,2016-10-21 21:44:19,2019-02-28 20:36:12
634,2017-09-01 16:45:10,2019-09-26 05:16:50
1277,2017-04-20 22:57:58,2018-11-04 14:38:06
948,2016-06-02 12:18:38,2019-04-17 17:02:02
710,2018-05-11 17:53:38,2019-02-12 07:40:25
302,2016-09-02 20:02:51,2019-01-17 16:00:58
565,2018-07-31 19:35:57,2019-08-01 14:44:17
1313,2016-07-05 15:24:18,2019-04-10 02:04:59
1418,2015-11-05 06:40:57,2019-04-26 17:10:37
590,2017-05-06 05:45:00,2019-07-08 17:02:21
1469,2016-10-22 16:16:09,2018-12-31 07:16:32
826,2017-02-17 23:32:28,2019-06-06 10:24:44
44,2017-08-02 07:16:29,2019-08-29 06:37:25
846,2016-11-24 04:16:22,2019-09-26 05:04:30
293,2018-01-04 11:15:40,2018-10-18 05:24:13
1039,2015-03-08 22:59:13,2019-08-25 20:43:13
116,2018-02-28 23:46:48,2019-06-15 07:54:01
236,2014-11-10 03:09:18,2019-06-29 10:13:55
1319,2018-01-29 07:36:27,2019-06-10 08:03:29
431,2016-11-27 15:17:15,2018-12-15 07:09:25
1698,2016-01-10 07:30:52,2019-04-18 10:02:43
397,2016-06-16 21:11:36,2019-05-16 11:01:37
99,2015-02-26 06:20:12,2018-10-12 21:50:55
1737,2015-07-01 21:48:12,2019-04-20 02:00:51
1059,2017-09-12 05:55:27,2019-08-22 19:51:52
1949,2014-10-21 08:49:47,2019-04-30 07:47:14
551,2015-06-21 09:21:42,2019-06-29 05:30:09
1800,2014-11-18 17:19:59,2018-10-14 04:10:00
1346,2017-10-16 09:38:53,2019-09-23 01:00:04
1645,2016-05-23 23:47:16,2019-03-14 23:21:40
40,2018-08-01 09:33:40,2019-08-02 16:06:26
203,2015-02-01 10:04:50,2019-01-13 06:33:01
1864,2017-11-11 13:05:06,2018-10-06 12:51:27
177,2015-11-18 13:03:35,2019-06-12 20:35:12
1332,2017-04-23 01:35:26,2019-02-23 08:56:46
69,2016-06-27 00:08:21,2018-10-17 23:29:33
1033,2018-01-20 13:36:13,2019-07-07 10:42:44
287,2016-11-27 17:29:20,2019-06-16 22:18:06
767,2015-09-18 06:05:53,2019-01-05 23:29:23
1373,2018-04-13 18:56:07,2019-02-16 20:15:10
1597,2017-02-20 22:04:20,2018-10-21 17:27:35
595,2018-03-30 13:00:19,2019-06-01 07:04:41
752,2015-12-30 01:27:20,2019-01-29 21:07:26
1898,2016-08-09 13:59:52,2019-07-09 09:17:27
1491,2018-05-28 22:45:37,2019-07-02 09:54:59
1848,2015-04-04 09:09:47,2018-10-09 03:19:44
954,2015-11-28 06:55:44,2019-03-07 06:21:29
173,2016-10-02 03:46:22,2018-10-06 07:56:32
244,2017-12-04 08:04:30,2019-09-22 00:40:12
438,2015-06-14 10:21:16,2019-03-25 03:48:13
372,2016-04-05 19:29:01,2019-05-07 07:28:32
443,2017-09-09 06:54:41,2018-12-16 04:03:17
872,2015-04-27 17:33:39,2019-07-20 01:53:15
1936,2016-12-30 22:00:43,2018-11-03 18:16:02
305,2015-03-12 03:40:23,2019-02-25 19:59:07
432,2017-07-11 06:42:05,2019-04-18 17:27:28
1414,2015-09-30 15:27:18,2019-06-15 12:20:12
606,2018-02-16 01:21:50,2019-04-04 12:21:09
853,2018-04-16 03:48:02,2018-11-23 07:01:15
126,2017-07-30 02:20:05,2018-12-20 19:41:25
1138,2018-01-06 15:57:37,2019-06-25 15:58:04
216,2016-11-10 02:41:28,2019-01-13 18:39:56
1549,2016-12-11 08:33:15,2019-08-20 19:12:13
1032,2017-10-10 18:58:57,2019-03-17 05:43:57
1450,2018-09-15 08:20:01,2019-06-07 07:29:28
796,2016-07-19 06:03:47,2019-03-06 05:13:54
1597,2017-11-05 05:36:19,2019-04-26 04:14:24
118,2016-04-24 17:57:13,2018-12-22 15:24:22
1165,2018-03-11 20:05:39,2019-02-11 19:04:53
1269,2018-03-10 08:21:27,2019-07-14 18:59:08
800,2016-06-05 10:21:49,2018-10-24 16:00:21
1108,2015-01-05 22:16:58,2019-06-30 18:51:49
1771,2015-01-12 01:20:09,2018-10-19 08:55:35
704,2017-08-12 02:04:34,2018-12-15 00:09:43
1676,2016-02-05 08:41:11,2019-07-14 16:40:56
720,2015-02-21 08:23:44,2018-11-29 12:51:19
672,2015-04-05 01:46:48,2019-01-05 11:26:33
776,2018-06-12 11:11:40,2019-04-03 01:15:00
1104,2016-08-06 23:48:16,2019-04-05 23:45:13
650,2017-11-27 16:57:30,2018-10-14 02:55:24
1129,2017-05-05 04:22:11,2019-08-16 05:32:38
1338,2016-01-14 20:34:42,2018-12-29 11:28:06
1982,2018-02-25 18:04:41,2019-07-26 04:12:15
1664,2016-09-17 20:51:46,2019-03-12 14:01:36
720,2017-12-31 02:17:38,2018-12-27 17:17:03
1444,2015-06-27 23:19:10,2019-07-02 02:31:19
1786,2018-05-20 11:09:27,2019-08-05 23:40:03
1317,2015-09-05 11:14:57,2019-06-05 04:52:42
747,2015-10-08 11:25:38,2019-09-13 17:19:29
993,2017-07-08 16:59:49,2019-09-13 17:02:57
1320,2016-07-29 22:26:49,2019-02-21 13:59:29
1372,2014-11-11 05:21:54,2019-02-18 11:42:56
647,2016-04-14 22:28:10,2019-02-02 07:39:27
760,2016-08-12 04:23:41,2018-12-11 02:20:11
1994,2017-06-14 16:42:50,2019-02-05 02:29:47
1714,2015-12-06 01:25:43,2018-12-06 01:21:11
522,2014-11-02 12:50:54,2019-09-04 10:48:24
1404,2015-03-22 17:15:59,2019-08-11 00:41:49
354,2015-04-24 16:07:49,2019-03-09 21:05:23
1431,2016-02-20 15:34:27,2019-09-22 00:48:50
422,2018-04-18 01:37:52,2019-09-05 11:36:20
810,2014-12-18 00:21:20,2018-12-12 14:26:46
1850,2017-01-23 19:49:30,2019-03-14 23:29:16
476,2017-09-30 07:41:13,2019-07-17 07:13:31
1800,2017-11-15 21:03:17,2019-08-19 05:43:28
1529,2018-09-08 10:03:14,2019-01-27 10:42:03
1262,2018-08-26 15:26:07,2019-05-20 16:32:08
971,2017-09-21 06:00:38,2018-11-14 04:37:28
261,2017-01-11 04:43:52,2019-02-27 06:01:59
1200,2015-05-26 22:13:44,2019-01-16 23:29:41
1977,2018-09-26 16:23:34,2018-11-04 15:23:25
1185,2018-08-10 04:56:08,2019-08-21 09:45:25
1400,2014-12-09 09:54:24,2018-11-23 22:29:19
1826,2017-02-20 01:24:55,2019-06-21 23:35:01
1929,2015-08-27 15:40:51,2019-05-09 08:40:34
597,2017-11-19 03:44:54,2019-02-20 06:48:59
976,2017-06-20 05:24:43,2018-12-19 20:52:59
1328,2016-06-09 16:23:33,2019-07-26 20:25:11
215,2018-03-02 00:54:28,2019-07-25 10:25:14
1560,2015-08-19 18:53:14,2019-09-11 12:59:23
984,2017-11-04 01:25:38,2019-02-02 14:22:49
1408,2015-07-11 14:51:32,2019-03-16 06:01:17
1411,2017-05-15 23:48:18,2019-09-09 14:35:31
305,2014-10-08 10:53:55,2019-05-31 07:01:31
509,2017-08-12 06:27:24,2019-05-13 06:05:15
1220,2015-09-02 13:30:41,2018-11-20 17:05:50
1724,2015-02-09 22:01:53,2018-11-09 13:07:44
466,2018-04-27 18:43:28,2019-08-30 09:29:29
1375,2015-04-03 05:42:56,2019-07-16 07:43:56
868,2017-09-28 02:19:38,2019-06-02 20:59:41
1201,2017-06-13 19:43:54,2019-06-17 21:11:27
1381,2018-06-13 22:39:03,2019-06-20 08:56:47
1286,2018-07-16 04:46:52,2019-04-06 22:52:41
541,2014-12-26 15:57:08,2019-08-07 09:04:52
1236,2015-06-08 17:01:24,2019-03-18 17:36:10
257,2017-12-13 21:11:01,2019-01-16 04:20:17
1701,2017-04-08 10:19:22,2019-07-29 18:54:25
1360,2016-04-15 06:30:58,2019-04-27 21:21:25
1645,2015-12-02 07:42:13,2018-11-26 16:55:17
1234,2016-07-06 05:54:07,2019-09-04 00:42:53
1711,2016-01-13 08:30:31,2018-10-29 07:25:14
622,2018-07-20 19:57:19,2018-10-15 06:04:22
693,2016-01-27 12:17:15,2018-11-04 00:22:19
1892,2015-08-20 13:38:34,2019-06-28 22:00:09
1363,2018-01-14 21:24:28,2019-07-30 22:53:27
1416,2015-04-03 15:41:36,2018-12-31 03:37:43
1471,2017-10-20 17:40:28,2019-08-25 14:59:34
1951,2017-06-14 17:08:39,2019-07-22 16:05:50
1208,2018-06-23 07:15:27,2018-12-01 14:26:14
1641,2016-06-29 04:17:15,2019-07-12 17:06:51
745,2017-02-16 11:22:14,2019-02-15 01:55:11
378,2016-09-12 22:28:13,2018-11-12 13:00:37
519,2015-03-13 20:44:07,2019-06-30 14:49:04
207,2017-11-09 19:42:35,2019-06-05 12:52:54
1770,2015-03-22 06:13:28,2019-07-25 17:10:06
319,2018-08-09 06:26:35,2018-12-14 21:40:46
342,2016-08-09 23:16:49,2019-05-01 14:38:44
1741,2016-08-01 22:09:59,2019-06-26 03:35:44
936,2015-07-17 20:50:37,2019-02-26 06:38:12
4,2016-01-07 12:18:31,2019-02-07 16:56:57
426,2015-07-22 17:20:20,2019-06-22 05:42:52
583,2015-05-02 03:33:15,2019-05-28 04:18:55
1464,2017-02-28 03:03:51,2018-10-07 10:25:00
673,2016-10-13 02:26:09,2019-08-18 16:38:27
1284,2014-10-22 23:22:18,2019-05-08 20:43:40
1894,2017-11-11 17:43:14,2018-10-18 00:31:18
114,2017-01-18 22:00:34,2019-03-11 00:20:54
406,2015-04-15 14:45:55,2019-03-21 04:44:03
1371,2016-10-31 20:19:37,2019-03-01 12:07:58
1291,2015-10-12 19:32:37,2019-09-27 18:20:48
1095,2015-08-26 09:34:37,2019-09-17 09:43:29
1580,2017-08-21 16:36:09,2018-11-10 12:04:32
876,2018-09-27 07:16:52,2018-10-05 18:33:16
1384,2017-06-16 23:05:30,2019-08-12 05:40:11
1994,2015-09-01 12:06:24,2018-10-04 18:19:54
854,2016-07-06 09:04:44,2019-02-25 04:23:35
1476,2015-08-01 05:38:04,2019-08-01 08:46:38
459,2017-02-08 18:41:24,2019-06-23 08:31:38
1708,2017-03-31 16:28:42,2019-03-04 04:49:24
126,2018-07-26 05:54:17,2019-02-07 12:36:08
903,2016-03-09 22:05:39,2019-03-23 06:43:51
750,2016-01-21 15:35:12,2018-10-24 17:30:04
1496,2017-04-05 16:49:33,2019-03-10 20:39:04
399,2015-05-02 05:49:29,2019-03-07 01:18:27
547,2016-05-29 10:59:14,2019-01-05 17:45:31
196,2015-12-03 20:04:28,2019-05-10 18:31:19
989,2016-08-20 15:32:24,2019-02-02 00:54:04
195,2017-01-30 06:59:59,2019-01-31 07:59:26
1016,2017-06-08 01:35:56,2019-07-31 12:41:58
1478,2016-01-16 13:34:35,2019-01-07 18:23:41
1259,2017-10-09 07:25:49,2019-09-01 07:46:52
888,2015-04-27 02:30:15,2019-06-03 03:49:58
447,2015-10-21 07:23:46,2018-10-28 08:23:25
782,2017-03-22 07:33:23,2018-10-28 21:28:10
333,2017-11-10 10:15:38,2019-02-13 00:07:06
1208,2016-12-23 12:39:53,2018-10-29 11:51:19
335,2015-01-10 03:13:07,2019-06-01 23:19:41
254,2015-03-16 01:11:56,2019-03-04 19:44:39
1702,2017-09-30 03:28:18,2018-11-29 17:18:04
807,2016-12-15 15:33:03,2019-04-02 00:58:48
768,2018-06-08 03:51:02,2019-05-17 10:49:32
1502,2015-02-19 09:57:21,2018-10-15 15:34:18
1520,2018-05-03 22:20:34,2019-07-31 03:53:04
354,2015-12-27 21:33:29,2019-06-06 01:32:46
1382,2014-10-31 21:48:04,2019-07-22 00:00:08
1436,2016-04-08 05:09:14,2018-10-02 01:04:09
1691,2016-10-22 13:13:48,2019-07-18 17:09:47
753,2015-08-15 22:40:01,2018-12-07 03:46:30
1344,2016-06-20 10:02:22,2019-04-25 03:06:54
1931,2014-12-09 20:58:39,2019-03-04 08:37:47
1975,2015-10-26 08:17:25,2019-06-26 03:13:32
1620,2018-07-30 11:05:27,2019-06-18 11:14:43
649,2016-02-06 08:01:09,2018-10-16 14:37:29
967,2016-03-13 15:25:31,2019-03-03 07:56:43
82,2017-07-02 01:16:58,2019-08-20 23:03:00
172,2017-04-18 13:58:13,2019-06-20 14:40:31
507,2016-02-16 12:34:45,2019-01-26 05:07:54
1250,2016-09-15 22:44:51,2019-07-26 03:45:17
176,2017-04-21 23:54:27,2019-04-30 17:17:18
1806,2016-12-27 20:42:54,2019-02-05 22:36:32
569,2016-01-19 07:45:36,2018-10-06 18:42:15
693,2017-08-28 13:56:13,2019-08-09 18:39:17
1287,2016-07-05 10:58:31,2018-12-06 06:59:29
1185,2015-12-25 15:24:23,2019-09-15 06:43:35
508,2015-07-25 01:50:33,2019-01-05 20:20:20
261,2017-10-19 01:37:46,2019-01-12 00:43:41
412,2018-01-08 13:22:55,2019-07-03 06:22:25
1041,2017-03-14 04:29:12,2019-06-29 05:29:18
1434,2015-12-04 14:52:17,2019-08-26 18:17:32
1131,2018-07-16 09:29:49,2019-07-04 14:44:36
1043,2015-12-24 08:18:54,2019-05-23 02:59:30
1012,2017-07-01 00:18:21,2019-09-02 09:52:45
737,2016-09-26 19:10:26,2019-01-10 23:06:43
1613,2016-02-09 04:27:26,2019-02-03 07:31:28
1758,2016-09-03 23:59:21,2018-11-02 18:33:37
215,2014-12-14 01:53:45,2019-09-10 22:14:44
1897,2015-08-07 11:10:55,2019-07-19 06:38:32
1837,2014-12-13 13:15:17,2018-12-21 04:18:45
308,2016-04-01 09:19:23,2019-01-22 03:44:37
1861,2017-02-22 03:27:55,2019-09-05 22:17:23
929,2017-11-09 11:42:46,2019-08-12 12:56:14
999,2016-12-10 02:06:48,2019-08-29 05:33:17
1367,2016-06-24 00:43:29,2019-08-27 19:33:07
346,2017-12-09 17:11:43,2018-10-16 10:27:56
120,2017-02-27 12:26:10,2019-04-16 15:58:14
233,2016-08-06 08:49:57,2019-09-28 22:33:46
1820,2017-07-13 12:10:48,2019-08-04 20:12:40
1595,2015-12-05 00:19:00,2018-10-10 05:50:01
1595,2015-10-03 01:38:24,2019-07-04 13:02:15
110,2015-08-07 02:08:46,2019-09-24 01:28:00
244,2016-07-15 06:42:06,2018-10-06 17:59:06
1171,2017-07-21 20:38:16,2019-09-29 11:35:57
48,2017-12-14 06:33:08,2018-10-07 13:58:07
1804,2018-06-19 22:38:57,2018-12-17 00:31:21
840,2018-01-14 21:13:35,2019-04-08 10:10:42
936,2016-12-07 05:47:10,2019-01-01 15:17:28
848,2015-07-20 18:06:51,2018-12-13 18:29:56
916,2015-05-22 21:13:06,2019-09-04 10:42:51
104,2015-06-16 11:38:35,2019-05-19 18:49:06
1485,2017-06-02 18:58:47,2019-02-13 14:09:19
1988,2015-01-12 04:50:49,2019-06-30 13:14:45
1257,2014-12-04 19:02:32,2018-11-15 10:47:14
1483,2014-12-28 14:41:36,2019-04-17 01:18:11
1829,2018-06-14 10:23:13,2019-07-06 11:44:43
958,2014-10-04 09:04:05,2019-06-03 01:23:04
1248,2014-12-17 08:38:03,2019-05-23 03:53:04
1586,2016-07-12 15:32:06,2019-08-31 13:14:19
836,2017-04-10 17:39:02,2019-03-26 03:57:14
1272,2017-06-16 07:35:37,2019-09-10 04:51:47
1292,2018-06-25 00:38:42,2019-04-19 17:36:28
30,2016-01-02 08:42:18,2018-11-30 04:31:52
1319,2014-11-13 04:40:17,2019-07-02 14:24:57
282,2016-04-26 05:32:29,2019-01-28 22:58:12
1362,2015-06-10 19:32:59,2019-06-14 15:36:41
1114,2016-02-18 14:04:13,2019-06-26 13:52:22
1431,2015-05-03 12:48:24,2019-03-29 09:22:41
1214,2017-09-20 00:33:00,2019-05-07 04:23:24
1656,2015-10-07 04:51:04,2018-10-29 15:17:25
190,2016-05-20 22:28:06,2019-07-02 15:37:21
162,2017-04-27 09:18:21,2019-05-05 10:42:18
1414,2018-10-01 02:21:58,2019-05-01 12:23:21
1097,2016-06-06 03:19:27,2018-12-02 02:27:56
78,2015-01-01 12:43:13,2019-04-05 05:43:39
1562,2017-06-13 04:42:49,2019-08-21 21:47:34
563,2017-06-19 20:26:39,2019-07-05 18:19:29
11,2017-07-02 05:36:08,2019-03-20 17:58:38
16,2018-08-30 16:37:23,2019-02-05 20:15:35
310,2016-05-16 08:07:40,2019-06-23 13:01:03
648,2015-11-19 10:36:02,2019-06-30 02:01:51
1136,2016-04-03 19:14:26,2018-11-03 22:05:22
967,2017-08-12 23:16:46,2018-11-26 07:38:38
1186,2016-10-17 19:02:08,2019-06-10 04:44:08
256,2018-04-18 12:56:44,2019-05-01 11:15:41
294,2015-07-17 12:27:34,2018-12-23 14:47:37
1159,2017-09-30 11:17:20,2019-04-22 13:54:28
803,2016-03-21 04:08:40,2019-05-01 08:25:21
1166,2016-04-02 19:59:41,2019-06-22 17:24:27
1905,2016-06-08 02:54:32,2019-06-22 02:01:54
850,2015-09-23 17:14:23,2018-12-10 09:07:15
346,2017-11-29 12:39:26,2019-04-30 10:18:59
807,2015-10-15 22:02:44,2018-11-04 01:52:17
1093,2017-06-13 03:43:03,2019-09-19 12:41:42
234,2017-07-05 23:46:59,2019-09-27 02:45:12
791,2017-04-10 05:15:23,2019-01-13 07:03:36
84,2016-05-11 12:35:30,2019-09-04 20:14:22
1162,2018-04-14 20:46:04,2019-04-27 18:25:44
121,2016-10-10 08:29:39,2018-11-28 15:38:32
1146,2016-03-13 21:47:34,2019-10-01 07:36:38
1570,2016-07-08 01:49:41,2018-10-16 20:29:40
422,2015-12-20 04:44:23,2019-03-05 03:15:42
1357,2018-04-06 17:56:26,2018-11-06 07:30:17
977,2015-09-18 07:49:59,2019-02-09 06:24:03
298,2017-12-26 20:56:04,2019-03-09 01:31:33
913,2016-03-23 08:47:39,2019-04-20 13:16:24
1636,2014-11-22 19:27:38,2019-01-04 04:39:09
917,2017-08-17 20:02:32,2018-11-13 06:24:22
521,2014-12-31 02:52:19,2019-06-29 01:43:41
1919,2015-11-08 02:39:08,2019-01-08 20:12:14
1108,2015-01-31 06:44:30,2019-07-17 19:38:34
1253,2018-09-29 05:26:18,2018-10-30 04:20:00
136,2015-07-09 15:28:20,2019-01-28 04:10:48
296,2016-04-04 00:58:29,2019-01-27 07:36:16
55,2018-04-04 15:52:09,2019-08-04 02:57:22
427,2018-03-10 01:10:49,2019-07-17 17:55:38
679,2016-12-12 22:47:39,2019-05-08 08:18:33
1622,2018-09-12 10:55:28,2019-08-11 06:59:53
369,2017-05-31 04:06:04,2019-08-22 14:47:01
137,2015-05-04 20:55:43,2018-10-21 15:55:45
1115,2018-04-09 02:53:54,2018-12-22 10:16:10
1517,2015-06-09 01:46:06,2018-11-29 12:24:36
429,2017-03-19 16:25:09,2019-04-17 06:26:27
1715,2015-09-18 06:21:18,2019-09-26 05:15:15
1482,2016-08-27 18:52:36,2019-03-19 14:47:50
1924,2018-09-27 09:10:32,2019-01-03 16:54:57
1116,2016-11-05 16:24:42,2018-12-09 13:32:50
1914,2014-10-23 01:08:19,2019-04-08 09:33:45
1295,2016-05-28 09:31:14,2019-02-04 00:43:28
1961,2016-03-19 21:58:01,2018-11-01 07:45:46
191,2018-07-14 02:28:27,2019-02-22 10:47:04
33,2015-04-18 06:31:18,2019-01-09 20:10:08
1940,2016-10-05 00:20:11,2019-04-08 18:41:37
1640,2016-02-18 20:32:55,2019-07-27 19:48:44
1298,2017-07-16 11:25:26,2019-05-11 22:11:17
1554,2014-10-06 13:25:43,2018-10-11 19:38:32
1931,2016-06-11 11:07:41,2018-11-11 05:22:32
1415,2015-04-03 09:41:44,2019-07-12 08:03:40
1123,2015-03-31 11:38:53,2019-01-17 12:09:33
219,2018-02-05 19:10:07,2019-06-03 18:45:29
1119,2015-06-26 08:30:34,2018-11-09 05:52:46
1952,2015-03-19 13:31:11,2019-07-03 06:24:24
1628,2014-11-08 18:18:54,2019-08-09 17:16:22
835,2016-01-09 23:22:01,2019-07-12 14:44:30
529,2018-03-22 19:38:53,2019-01-25 18:03:44
1420,2016-02-26 02:44:29,2019-06-09 01:37:31
1584,2014-12-04 07:56:13,2018-12-02 17:24:08
1492,2017-05-03 20:12:36,2019-01-05 17:16:07
999,2015-07-26 07:54:36,2019-02-06 06:53:43
754,2017-09-02 17:59:54,2019-04-17 15:08:17
1825,2016-12-30 01:31:02,2019-06-12 13:31:25
515,2015-12-20 14:33:50,2018-12-29 23:12:19
697,2017-07-03 09:25:50,2018-12-23 17:07:57
1594,2017-01-09 23:14:29,2019-01-06 07:19:57
773,2016-05-14 13:57:45,2019-05-06 08:59:35
1121,2018-06-08 13:09:06,2019-05-01 15:25:08
192,2016-04-23 13:44:56,2019-03-02 09:18:36
742,2016-01-24 11:25:42,2019-07-05 10:13:41
1256,2015-01-28 16:19:01,2018-11-04 15:22:51
1332,2016-03-20 20:57:12,2019-04-08 00:57:15
1378,2018-01-18 10:57:12,2019-02-18 12:14:18
894,2016-08-01 00:11:00,2019-09-08 02:37:51
1833,2014-11-17 13:01:51,2019-08-18 21:09:23
533,2018-08-23 17:52:31,2019-07-06 17:14:19
1837,2018-04-25 14:18:32,2019-02-02 02:56:43
842,2015-02-25 18:56:38,2019-09-19 07:46:43
183,2017-04-24 23:32:37,2019-05-20 09:06:49
236,2017-10-30 19:17:24,2018-11-21 14:55:26
97,2017-06-29 22:20:15,2019-06-27 20:00:25
1708,2018-03-25 00:45:02,2019-08-20 12:50:54
1115,2016-10-19 22:08:46,2019-03-01 03:44:11
288,2018-05-04 12:02:13,2018-10-11 01:34:32
1850,2017-03-14 17:48:59,2019-07-01 00:31:08
129,2018-09-01 03:20:22,2019-05-22 11:05:12
335,2014-12-14 13:11:55,2018-10-16 22:39:11
978,2015-10-17 15:10:46,2018-12-03 02:53:39
457,2017-06-30 12:51:37,2018-11-07 05:33:05
44,2016-03-20 04:32:21,2019-07-13 06:33:10
1013,2016-10-20 09:04:35,2019-04-09 19:18:54
1755,2018-08-20 03:11:26,2019-05-12 17:39:43
658,2017-03-28 04:00:05,2019-01-22 15:07:46
365,2015-12-30 02:58:10,2019-04-17 01:27:36
957,2017-11-02 12:47:24,2018-11-23 17:10:04
1238,2016-09-15 21:54:06,2019-03-15 05:00:46
1581,2016-07-04 02:21:18,2019-03-27 17:27:06
1441,2018-09-03 22:08:36,2018-10-08 11:16:10
1549,2017-01-02 03:09:59,2019-06-05 05:24:18
1001,2017-04-15 15:48:56,2019-01-14 05:29:59
514,2016-05-11 13:09:42,2019-05-16 15:59:46
1479,2017-02-03 12:59:42,2018-12-24 18:20:29
1936,2016-09-03 13:05:06,2019-08-14 17:14:29
1882,2018-01-24 03:58:40,2019-02-25 19:07:24
303,2017-05-22 18:09:45,2018-10-10 06:45:18
1229,2017-09-29 21:43:19,2019-03-23 15:36:42
1096,2017-03-03 14:27:34,2019-04-28 08:20:05
1118,2017-04-18 16:32:24,2019-08-03 20:48:06
70,2016-10-01 07:04:38,2018-12-18 02:03:53
1552,2017-09-17 04:55:30,2019-01-15 08:11:59
1085,2018-02-27 14:16:23,2019-01-02 08:54:10
87,2018-09-12 02:56:32,2019-04-08 09:20:20
924,2017-11-28 23:54:56,2019-08-03 16:31:19
1976,2015-10-17 07:45:45,2018-12-04 00:04:23
693,2015-03-08 01:43:40,2018-11-20 09:15:21
1420,2016-01-31 00:07:55,2019-08-06 16:00:10
1764,2018-07-21 02:48:11,2019-04-02 06:17:04
1115,2017-06-09 15:42:08,2019-08-30 00:25:06
1691,2018-04-06 04:10:53,2019-04-06 10:58:50
1129,2017-11-25 08:31:14,2018-10-05 12:53:26
112,2017-11-17 19:19:06,2019-05-03 06:02:10
1682,2016-04-08 00:40:10,2019-09-24 06:38:33
305,2017-09-13 04:22:29,2019-04-10 14:28:32
1022,2018-06-09 13:44:36,2018-12-18 17:26:02
699,2015-06-09 05:45:00,2019-03-08 05:52:52
1362,2018-07-07 07:13:21,2018-10-07 10:24:39
1522,2017-03-03 13:21:18,2019-07-15 17:09:56
775,2016-05-20 19:50:26,2019-02-25 17:12:31
1018,2018-05-25 21:00:18,2019-04-09 22:35:26
1515,2017-12-31 15:16:25,2019-01-14 09:36:10
541,2015-10-20 16:20:55,2019-04-17 09:30:59
697,2016-10-24 01:59:40,2019-09-09 21:16:22
983,2015-03-22 23:05:49,2018-12-12 07:43:39
522,2018-01-07 22:01:26,2018-12-07 15:52:19
1524,2015-11-22 16:36:37,2019-09-04 19:38:57
1366,2018-04-13 19:02:44,2018-12-11 15:53:20
1289,2016-08-04 22:39:19,2019-05-07 01:26:23
331,2014-11-13 00:17:43,2018-10-13 01:31:31
1891,2015-10-02 08:27:52,2019-01-31 04:09:17
988,2015-08-14 13:06:59,2019-06-30 17:11:30
352,2015-01-30 12:10:00,2018-11-10 04:14:24
452,2016-12-17 19:11:53,2019-09-11 08:25:54
713,2017-06-05 06:04:41,2018-12-31 17:13:49
141,2018-05-14 09:49:38,2019-09-18 14:32:18
1141,2016-05-22 00:41:53,2018-10-11 08:24:35
1950,2018-01-22 22:06:28,2018-10-03 17:05:12
1983,2017-03-28 19:48:42,2019-03-30 17:01:59
563,2014-11-23 07:18:22,2019-02-25 10:16:50
212,2018-03-20 22:49:12,2019-05-30 00:09:53
1715,2017-03-07 14:15:03,2018-12-02 19:39:23
247,2017-03-16 14:28:32,2019-04-28 02:10:27
13,2016-04-06 08:01:47,2019-04-16 11:20:22
237,2014-10-05 21:54:59,2019-02-03 23:08:50
1307,2015-08-02 01:38:45,2019-08-09 12:35:42
1246,2017-03-14 16:14:00,2018-11-15 12:25:15
1361,2018-07-12 21:43:24,2018-11-30 21:30:44
1811,2016-12-27 01:25:45,2019-01-17 04:13:01
644,2016-03-17 12:43:35,2019-06-25 17:16:49
573,2017-10-24 13:12:19,2019-03-15 01:07:54
1914,2018-09-07 00:29:27,2019-02-27 08:38:07
300,2016-03-12 20:59:05,2019-02-28 02:40:06
987,2017-02-07 14:39:51,2019-09-27 12:36:58
1442,2016-01-17 11:00:56,2018-10-18 14:37:17
1355,2017-09-13 21:00:39,2019-05-15 07:31:34
1989,2018-04-10 15:51:33,2019-01-20 03:39:06
228,2017-01-25 09:36:36,2019-04-02 08:53:58
297,2016-05-01 20:51:24,2019-08-12 00:57:10
614,2015-02-10 12:37:31,2019-06-29 07:34:16
798,2014-11-09 06:05:07,2018-12-11 20:49:15
139,2018-02-28 18:53:18,2019-04-16 19:41:24
513,2016-05-12 07:09:56,2019-07-13 02:44:22
1669,2014-12-13 17:28:19,2019-09-21 05:38:56
1266,2018-06-01 15:29:58,2019-04-13 04:28:41
74,2017-12-07 15:19:35,2019-09-26 01:27:17
1622,2016-11-27 12:12:32,2018-12-23 03:12:19
1735,2015-02-08 10:21:52,2019-05-02 23:31:32
1433,2014-12-25 00:51:24,2019-06-20 23:10:20
427,2018-05-27 17:09:40,2019-06-17 02:03:10
673,2016-05-17 09:16:51,2019-09-04 15:28:11
455,2018-04-07 23:18:45,2019-07-15 06:30:49
734,2017-06-17 15:02:34,2019-09-26 15:30:33
1499,2018-09-20 14:59:06,2018-10-19 20:44:05
762,2015-09-26 08:17:36,2019-01-15 08:46:31
869,2018-01-11 10:24:42,2019-03-16 18:43:59
1214,2016-04-03 19:19:11,2019-06-21 19:37:36
352,2018-07-31 15:27:20,2018-10-30 10:01:52
1817,2015-03-19 07:30:47,2019-09-18 22:26:02
980,2016-04-17 19:52:38,2019-09-20 11:26:40
1467,2016-07-10 01:26:29,2019-09-05 02:38:24
865,2015-03-10 02:51:11,2019-01-30 17:37:02
1717,2015-01-01 19:24:51,2018-11-08 23:42:51
1788,2015-10-28 23:44:04,2018-12-11 05:48:30
1078,2018-06-11 19:16:44,2019-08-11 10:53:29
328,2017-05-04 02:28:35,2019-01-31 02:31:26
1370,2016-02-12 05:15:44,2019-01-11 14:34:34
344,2015-03-19 13:58:08,2019-07-03 17:10:23
1784,2015-11-25 21:04:59,2019-03-06 20:32:58
1627,2018-04-07 00:50:49,2019-06-21 20:26:13
920,2016-01-15 08:59:02,2019-03-08 14:36:38
1443,2018-07-28 23:47:58,2019-08-07 22:07:27
580,2016-03-21 19:58:32,2019-09-10 02:04:09
874,2018-03-31 00:59:59,2019-06-27 17:37:00
717,2015-05-24 12:43:20,2019-08-16 23:10:17
716,2016-08-18 07:19:21,2019-04-28 03:29:53
1010,2018-05-04 23:24:00,2019-09-10 06:11:51
1046,2015-06-04 01:27:17,2018-11-17 18:04:11
118,2018-05-23 10:51:48,2019-05-07 13:33:27
318,2016-05-17 06:12:37,2019-07-05 12:45:38
1715,2015-06-29 17:18:46,2018-12-29 20:31:17
1808,2015-07-06 03:36:29,2019-07-09 19:14:58
451,2015-11-08 20:19:18,2019-07-01 21:59:56
1794,2017-05-09 13:53:44,2019-01-22 02:35:32
823,2017-06-15 21:29:46,2019-05-05 23:27:48
1192,2016-11-11 20:24:39,2019-02-25 18:31:50
1470,2015-02-27 13:30:41,2019-04-05 02:18:13
98,2015-10-09 11:36:08,2019-06-14 00:15:17
1718,2017-04-21 17:43:47,2019-01-15 02:49:51
346,2015-06-04 11:53:24,2019-03-20 10:16:19
1230,2016-07-20 06:53:06,2019-08-03 23:28:33
1065,2016-08-31 12:04:38,2019-08-05 23:15:50
1162,2016-03-05 00:04:06,2018-12-02 11:21:43
1472,2017-05-09 15:34:28,2018-12-09 14:02:26
73,2014-12-26 01:15:39,2019-04-02 19:50:22
788,2016-09-18 00:01:17,2019-02-12 11:48:08
1921,2017-06-05 22:15:43,2019-01-13 10:33:32
679,2018-02-19 13:11:12,2019-04-24 10:44:16
321,2016-08-22 01:48:39,2018-12-14 20:31:58
54,2017-01-19 17:03:27,2019-09-14 11:47:36
838,2016-01-27 02:16:37,2018-12-14 09:17:20
1968,2016-03-05 10:46:31,2019-05-19 08:52:05
1849,2018-07-05 12:29:23,2018-10-18 01:30:36
940,2016-02-02 13:40:09,2019-07-13 04:13:56
897,2017-09-26 12:44:27,2018-11-13 18:02:16
772,2017-07-21 05:25:00,2018-10-21 14:23:26
1512,2015-10-11 19:52:33,2019-07-03 07:40:14
1344,2015-12-05 03:48:33,2019-02-25 21:21:21
1208,2017-08-03 21:35:29,2018-11-11 12:09:22
1377,2014-11-17 14:05:30,2018-11-09 17:23:08
422,2016-08-13 01:42:44,2018-12-20 06:53:01
1278,2018-05-22 07:31:36,2019-03-29 16:44:03
1988,2015-10-21 12:54:15,2019-03-14 19:26:54
1271,2016-01-14 13:48:48,2019-08-21 21:21:32
1478,2017-06-18 19:01:49,2019-08-09 03:16:42
1392,2018-04-17 03:25:45,2019-02-12 07:34:25
178,2017-06-09 11:11:27,2019-04-04 10:17:29
48,2014-11-29 16:06:03,2019-08-02 00:28:04
154,2016-12-19 13:16:55,2018-11-14 07:58:43
1302,2017-06-17 04:01:03,2019-09-27 14:27:52
1155,2018-06-12 04:22:40,2019-04-13 17:56:45
614,2016-03-20 23:10:36,2019-02-13 15:26:24
475,2017-04-20 07:45:04,2018-10-17 13:13:04
650,2016-06-24 00:02:23,2019-01-14 05:40:46
1071,2015-08-20 19:15:06,2018-10-31 13:29:28
531,2015-07-09 04:57:51,2019-09-20 21:56:53
1270,2016-04-10 19:47:34,2019-07-14 06:31:16
1130,2016-08-04 11:38:12,2018-10-26 12:21:52
1432,2017-11-03 07:27:27,2019-08-15 09:58:09
1454,2016-04-14 07:58:07,2019-04-30 08:14:33
96,2015-09-08 10:52:44,2019-07-08 19:41:54
115,2016-12-10 07:12:49,2019-02-04 23:16:38
1257,2018-03-16 17:50:24,2019-01-23 04:23:51
830,2017-11-11 05:57:32,2018-10-18 22:21:37
1857,2015-08-06 23:11:34,2019-07-16 22:53:05
187,2016-08-06 12:39:06,2018-11-28 17:15:25
710,2015-10-11 05:18:56,2019-01-02 13:20:44
246,2015-03-29 19:17:24,2019-01-04 03:43:14
1019,2017-11-17 20:47:00,2019-05-02 15:19:54
190,2015-06-01 12:26:35,2019-06-05 09:11:11
1194,2016-09-20 20:28:36,2019-07-16 23:57:06
1539,2015-02-11 10:40:18,2018-12-18 12:45:52
1414,2017-10-23 23:46:38,2018-12-20 05:52:46
789,2017-10-20 07:02:30,2019-03-08 14:32:09
1145,2015-11-10 00:10:27,2019-02-21 16:21:12
323,2017-04-24 02:41:59,2019-05-04 00:50:41
377,2017-04-26 06:33:17,2019-03-04 10:53:48
519,2017-09-12 10:16:41,2019-05-06 10:26:48
1261,2018-08-11 05:19:31,2018-11-25 12:59:48
223,2017-11-05 11:24:33,2019-06-24 21:58:23
1113,2016-08-22 03:51:35,2019-07-07 16:05:57
1475,2016-02-07 13:31:06,2019-08-15 06:43:03
271,2016-01-07 09:40:13,2019-08-27 04:53:19
463,2016-11-08 21:54:37,2019-06-08 19:53:33
1903,2018-06-22 19:35:30,2018-12-21 17:20:26
685,2016-02-09 12:20:21,2018-12-21 04:15:21
1951,2017-04-01 04:56:07,2019-07-08 01:13:08
1655,2015-10-24 16:25:02,2019-05-02 17:12:47
314,2015-11-24 10:11:07,2018-10-31 13:23:58
1079,2016-11-12 09:48:47,2019-05-18 15:39:06
105,2015-03-17 01:35:45,2019-08-23 12:48:17
156,2015-03-07 20:22:32,2019-06-12 21:47:37
1084,2017-05-17 06:23:30,2019-07-17 23:00:20
1373,2017-10-22 15:37:17,2018-12-03 19:39:07
1083,2015-05-04 19:31:33,2018-12-10 01:22:55
1115,2017-05-19 14:48:16,2019-02-21 13:50:35
1828,2017-09-14 05:13:31,2019-06-22 14:04:14
1353,2015-02-03 12:18:02,2019-09-05 17:51:33
569,2015-01-18 11:20:50,2019-08-22 21:53:13
436,2016-12-17 00:43:34,2019-09-23 18:13:44
310,2017-10-11 05:57:48,2019-07-17 07:55:59
330,2016-09-19 05:52:28,2019-04-25 15:06:39
1232,2015-12-13 02:17:28,2019-07-30 01:57:11
159,2015-10-16 08:22:59,2019-08-17 17:49:18
923,2015-07-27 17:15:56,2019-03-07 04:03:01
585,2017-06-04 09:00:52,2019-01-25 23:04:07
443,2016-11-10 07:23:51,2019-05-09 00:38:21
1137,2015-07-26 19:19:04,2019-05-14 00:08:34
1992,2014-12-27 02:37:22,2018-11-04 08:13:51
1282,2017-10-07 23:32:01,2019-03-26 08:14:39
1316,2017-06-20 04:27:52,2018-12-11 21:45:08
1830,2017-09-06 16:56:38,2019-06-15 00:12:35
624,2015-04-14 23:26:57,2018-12-06 05:41:15
1708,2016-05-01 05:07:58,2018-10-06 01:02:56
1875,2016-03-21 09:37:19,2019-05-29 03:48:24
1241,2017-04-15 02:57:48,2019-08-27 05:46:50
1844,2018-04-24 01:40:58,2018-12-28 22:03:22
1757,2014-11-02 05:45:06,2019-04-05 08:51:01
1244,2018-02-06 20:25:48,2019-09-24 17:42:30
385,2017-08-07 04:07:40,2019-02-05 11:52:48
1163,2018-06-13 18:35:34,2019-09-23 14:31:31
52,2016-03-12 04:49:42,2018-12-13 20:14:17
727,2017-02-01 18:30:54,2019-08-29 14:43:39
288,2017-11-05 17:31:25,2018-10-17 06:50:41
292,2016-10-17 22:13:07,2019-05-17 11:38:48
1095,2016-06-24 02:33:30,2019-04-30 02:06:02
1446,2016-01-25 03:08:44,2019-09-14 06:03:22
8,2018-07-07 11:43:07,2018-12-25 15:07:20
1530,2015-04-24 08:39:30,2019-04-15 21:28:12
76,2015-05-02 12:33:29,2019-01-11 00:36:05
832,2015-02-03 01:29:13,2018-11-15 02:49:01
1147,2015-10-02 15:12:22,2019-08-22 12:22:47
323,2017-09-10 20:04:23,2019-03-13 15:14:31
1015,2018-06-23 21:04:13,2019-02-01 23:47:29
1777,2017-05-13 18:19:28,2018-12-31 20:02:37
1098,2016-09-30 21:08:52,2019-07-24 07:35:48
509,2014-11-19 16:05:49,2019-08-31 07:17:03
264,2014-11-26 13:20:42,2019-07-11 14:48:33
205,2017-02-20 10:08:13,2019-01-22 03:19:58
1285,2015-02-13 04:48:57,2018-10-16 21:48:02
628,2014-10-03 19:04:51,2019-08-27 16:48:16
999,2015-08-29 21:11:55,2019-01-16 05:19:03
545,2018-02-27 05:29:38,2019-07-27 06:14:55
929,2016-08-25 19:44:09,2019-05-09 16:24:35
1314,2018-01-18 23:52:44,2018-11-10 18:15:58
1339,2016-11-28 05:42:14,2019-01-21 04:25:51
1224,2017-08-14 05:41:56,2019-02-19 17:34:52
1347,2016-01-15 13:02:30,2019-03-17 23:24:54
686,2016-12-13 02:51:59,2019-01-13 00:21:42
138,2017-03-31 11:14:39,2018-11-10 11:15:41
1087,2018-02-25 20:52:29,2019-09-26 10:57:39
1367,2018-02-14 23:52:11,2019-06-07 09:17:51
1689,2015-12-07 07:05:12,2018-11-30 07:52:43
1090,2017-02-18 04:53:54,2019-06-19 19:10:18
1386,2015-08-06 13:03:15,2018-11-02 07:28:00
95,2014-12-13 04:23:43,2019-08-26 22:42:11
161,2015-03-20 23:06:57,2018-12-15 22:46:23
1849,2015-11-25 23:05:50,2018-12-02 11:23:34
508,2016-01-06 14:05:36,2018-11-01 10:00:46
1331,2015-10-15 04:57:52,2019-06-30 16:51:29
1852,2015-12-10 20:48:53,2019-02-22 11:41:23
234,2018-01-06 15:13:12,2019-07-01 00:00:40
1051,2016-09-13 02:42:53,2019-01-26 18:53:19
92,2015-04-05 17:11:23,2019-03-11 14:22:53
198,2015-03-24 06:27:02,2019-08-01 22:26:42
798,2018-05-10 19:07:35,2018-12-04 14:13:04
483,2015-12-26 05:54:21,2019-08-16 16:35:19
453,2016-07-19 11:47:09,2018-10-03 19:51:47
665,2018-01-23 02:45:16,2019-05-13 14:16:35
986,2016-09-07 14:16:22,2019-07-10 19:15:43
945,2017-03-29 02:46:58,2019-06-24 06:42:43
788,2015-08-30 20:01:44,2019-04-29 09:20:35
1498,2018-07-15 21:27:02,2019-07-18 13:20:42
1241,2016-05-26 22:55:07,2019-03-01 13:21:24
158,2017-03-17 11:00:53,2018-10-04 18:52:32
933,2016-11-20 03:41:17,2018-12-16 23:42:55
125,2018-04-28 12:00:50,2019-07-26 05:08:34
1886,2017-01-19 16:33:32,2019-01-20 14:58:58
1097,2015-10-30 16:56:20,2019-05-17 02:16:54
1231,2016-06-24 17:25:19,2019-04-27 20:39:18
192,2015-08-23 23:04:14,2018-12-27 04:38:24
539,2018-03-07 00:18:58,2019-04-25 22:15:42
475,2015-12-01 21:14:49,2019-07-03 18:46:32
1413,2017-05-14 01:38:03,2019-10-01 10:34:12
1677,2016-04-15 16:46:57,2019-06-26 04:37:54
1291,2017-05-31 14:41:38,2019-01-26 20:07:05
547,2018-08-25 07:58:57,2018-11-08 21:50:03
1573,2017-04-07 11:45:21,2019-03-26 05:48:37
312,2015-12-20 07:26:54,2018-12-09 14:56:27
1163,2018-08-31 13:39:24,2019-04-23 07:18:16
1060,2015-02-15 02:45:29,2019-05-11 20:23:49
1902,2018-07-27 08:31:01,2019-09-14 19:46:44
604,2017-03-16 17:45:59,2019-02-17 08:31:42
762,2015-01-21 16:25:01,2019-07-22 16:44:36
537,2014-12-17 03:16:11,2019-06-05 10:44:16
1260,2018-01-06 13:32:08,2019-03-08 18:09:19
1403,2017-09-06 11:00:00,2019-05-27 10:54:44
1402,2015-12-05 21:21:21,2019-05-29 04:25:49
1740,2018-06-04 07:38:43,2018-10-07 12:29:55
1296,2016-05-05 23:36:19,2019-07-03 19:31:24
1693,2015-09-17 17:56:13,2019-06-29 23:09:32
745,2015-09-05 23:35:55,2019-02-25 18:24:16
279,2016-09-28 09:10:53,2019-06-17 10:07:35
1899,2018-08-18 19:19:39,2019-05-04 10:24:33
1826,2018-08-22 14:24:19,2019-01-11 22:56:25
624,2017-09-07 18:27:02,2018-10-04 16:03:23
1890,2016-08-03 01:12:23,2019-07-21 17:56:29
99,2017-01-15 16:31:31,2019-04-10 23:54:38
236,2015-07-05 17:20:50,2019-08-26 01:03:24
1415,2016-04-12 15:39:58,2019-08-05 18:15:20
786,2016-06-19 22:10:13,2019-03-24 17:12:48
1261,2015-01-26 19:22:52,2018-10-27 20:41:30
1862,2015-03-15 23:18:57,2019-02-26 11:09:16
730,2017-08-31 18:02:09,2018-11-25 21:02:04
152,2016-07-28 12:31:55,2019-04-28 16:21:20
430,2015-04-12 18:12:17,2019-03-08 17:56:48
459,2015-02-14 06:41:16,2019-09-05 17:51:48
1601,2017-11-29 15:48:48,2019-02-27 15:28:58
1703,2017-07-23 16:43:57,2019-03-27 05:28:46
1452,2017-07-14 00:35:07,2018-12-04 13:00:03
1551,2017-06-06 01:31:32,2019-08-31 04:43:44
1117,2016-07-22 18:29:42,2019-07-03 12:41:06
1011,2018-07-09 05:11:44,2018-11-28 22:20:15
1792,2016-11-15 08:36:19,2019-09-21 15:50:46
1093,2015-04-02 14:40:24,2019-05-29 13:56:20
1368,2017-08-01 10:51:09,2019-01-25 11:15:34
352,2016-07-15 04:48:50,2019-07-26 01:48:23
1135,2016-08-14 14:47:29,2018-12-01 22:42:39
197,2016-08-06 21:55:52,2019-03-28 11:49:18
779,2015-09-07 09:11:02,2019-05-30 04:17:52
1970,2016-12-14 23:22:35,2019-03-12 13:43:57
1763,2015-12-26 09:59:52,2019-04-12 15:23:05
123,2017-11-10 06:53:31,2019-07-25 09:29:43
1940,2017-04-01 22:39:08,2019-04-18 14:55:13
1732,2015-02-08 03:55:54,2019-06-11 03:19:36
340,2016-09-14 20:07:24,2019-02-02 06:43:33
1806,2015-11-19 02:57:32,2019-09-23 02:25:59
922,2016-03-23 13:36:20,2018-12-06 20:03:56
352,2015-09-15 14:18:03,2018-12-19 17:20:20
1325,2015-01-05 13:00:57,2019-05-17 17:19:28
858,2015-05-23 10:50:23,2018-10-26 05:48:17
278,2017-06-29 03:37:43,2019-08-01 13:02:43
130,2015-05-26 04:48:23,2019-03-30 14:02:45
1465,2015-07-20 03:18:57,2019-05-14 00:28:53
987,2016-12-03 20:39:33,2019-03-27 06:06:08
57,2014-10-20 23:50:20,2019-06-03 02:36:43
199,2018-06-03 01:07:45,2019-09-28 01:10:59
131,2014-11-24 14:16:47,2018-12-20 03:58:40
297,2017-03-05 23:20:41,2018-12-03 06:22:59
136,2015-06-11 07:28:37,2018-11-10 03:19:21
1837,2018-09-18 06:07:56,2019-03-12 18:08:46
162,2017-10-12 11:40:36,2019-07-10 05:30:22
540,2016-12-24 02:47:57,2019-09-12 05:23:00
1315,2015-08-29 14:18:15,2019-03-22 14:45:49
93,2016-06-07 16:12:59,2018-10-27 19:30:05
116,2016-08-20 02:33:01,2019-01-09 21:07:22
658,2015-08-23 21:37:04,2019-01-23 11:33:06
1983,2016-10-31 20:59:59,2019-05-02 04:39:41
472,2015-05-17 03:09:54,2018-11-13 00:33:03
1461,2016-06-12 06:17:53,2019-02-24 10:47:04
820,2018-01-20 11:08:02,2019-03-15 01:51:06
56,2016-04-24 21:33:09,2019-07-16 10:13:09
676,2018-06-09 14:44:09,2019-08-30 05:52:29
1305,2015-01-07 09:33:34,2019-07-21 12:51:41
695,2018-05-23 06:55:28,2019-04-16 18:39:37
985,2017-09-16 19:45:25,2018-12-20 23:31:50
1294,2016-12-29 21:30:17,2019-06-23 13:47:49
1131,2014-12-05 17:40:22,2019-08-07 08:05:11
1428,2018-04-17 13:54:10,2019-08-31 12:00:34
1420,2017-02-24 12:42:07,2019-05-01 03:48:45
1249,2015-04-18 08:41:39,2018-11-05 17:35:19
865,2018-01-06 21:03:59,2019-08-30 22:02:25
1274,2015-07-24 21:50:37,2019-01-08 03:24:01
456,2017-02-03 03:47:10,2019-01-19 08:03:24
1885,2015-01-13 18:47:00,2019-02-09 22:52:18
756,2015-10-20 01:48:37,2019-04-06 02:17:50
1826,2016-08-20 14:19:07,2019-01-09 02:28:33
131,2016-11-24 14:40:28,2019-08-04 01:10:21
1157,2018-01-09 20:02:47,2019-01-12 15:20:41
1018,2017-01-11 06:39:36,2018-11-12 06:04:49
1884,2015-07-30 14:08:13,2019-02-02 02:35:24
1814,2018-07-15 03:39:35,2019-09-27 18:59:44
1378,2018-07-12 00:51:26,2019-08-28 13:34:18
322,2016-05-11 12:37:55,2018-12-20 11:55:29
1543,2015-01-14 14:56:54,2019-02-02 05:01:23
1042,2018-09-16 03:18:25,2019-08-09 21:43:07
1979,2016-08-07 13:00:25,2019-03-12 20:50:02
710,2018-02-09 03:02:45,2019-07-05 02:16:58
1544,2016-01-01 17:48:33,2018-10-10 03:49:49
1126,2016-06-11 22:27:42,2019-01-17 01:10:33
1595,2017-04-16 22:50:38,2019-07-01 20:51:58
884,2015-09-07 21:56:02,2019-08-26 17:03:40
1803,2016-03-10 05:00:32,2018-11-07 22:06:26
662,2017-09-15 02:49:19,2019-05-26 03:27:41
